track,artist,uri,danceability,energy,key,loudness,mode,speechiness,acousticness,instrumentalness,liveness,valence,tempo,duration_ms,time_signature,chorus_hit,sections
Wild Things,Alessia Cara,spotify:track:2ZyuwVvV6Z3XJaXIFbspeE,0.741,0.626,1,-4.826,0,0.0886,0.02,0.0,0.0828,0.706,108.029,188493,4,41.18681,10
Surfboard,Esquivel!,spotify:track:61APOtq25SCMuK0V5w2Kgp,0.447,0.247,5,-14.661,0,0.0346,0.871,0.814,0.0946,0.25,155.489,176880,3,33.18083,9
Love Someone,Lukas Graham,spotify:track:2JqnpexlO9dmvjUMCaLCLJ,0.55,0.415,9,-6.557,0,0.052,0.161,0.0,0.108,0.274,172.065,205463,4,44.89147,9
Music To My Ears (feat. Tory Lanez),Keys N Krates,spotify:track:0cjfLhk8WJ3etPTCseKXtk,0.502,0.648,0,-5.698,0,0.0527,0.00513,0.0,0.204,0.291,91.837,193043,4,29.52521,7
Juju On That Beat (TZ Anthem),Zay Hilfigerrr & Zayion McCall,spotify:track:1lItf5ZXJc1by9SbPeljFd,0.807,0.887,1,-3.892,1,0.275,0.00381,0.0,0.391,0.78,160.517,144244,4,24.99199,8
Here's To Never Growing Up,Avril Lavigne,spotify:track:0qwcGscxUHGZTgq0zcaqk1,0.482,0.873,0,-3.145,1,0.0853,0.0111,0.0,0.409,0.737,165.084,214320,4,32.17301,12
Sex Metal Barbie,In This Moment,spotify:track:75BGF4LC7AOLFfxn6ukZDH,0.533,0.935,0,-3.704,1,0.128,0.0139,0.0,0.168,0.481,140.092,262493,4,21.0451,14
Helluva Night,Ludacris,spotify:track:0flKDWZq11997Fb2ptkQvu,0.736,0.522,2,-8.02,1,0.116,0.0299,0.0,0.108,0.369,97.547,200387,4,60.21027,10
Holiday With HH,No Bros,spotify:track:7LBa0KNFR8IY3g7LOfXqu8,0.166,0.985,7,-2.886,1,0.17,0.00183,0.0142,0.958,0.139,174.725,252787,4,31.23583,11
My Last,Big Sean Featuring Chris Brown,spotify:track:70tFuqBcduJv15bEnOPRTh,0.387,0.773,8,-5.685,1,0.17,0.098,0.0,0.209,0.368,78.629,254120,4,23.30245,9
