feature,importance_mean,importance_std
instrumentalness,0.16257444811419605,0.01501212605866813
loudness,0.06608105365231041,0.006504224668907188
energy,0.05128139804580132,0.005025132135777134
danceability,0.04329210464361118,0.007491453802516504
acousticness,0.032960988181003084,0.006159581407405218
valence,0.01739995243733028,0.002016403081582316
duration_ms,0.009878576875959545,0.00214807010905414
tempo,0.002334157905330003,0.002191861719783014
liveness,0.0018281690173877485,0.0014596006304568305
key,0.001283565390678798,0.0011796968697364238
mode,0.0007516261465916995,0.00048476352725249414
time_signature,0.0006774312121085701,0.0011344482280838232
sections,0.0006638207153219167,0.001690397159049673
speechiness,0.00025439639430457905,0.0022861319437863666
chorus_hit,-0.0014823816005636314,0.0015092259781508527
